{
    "name":"Cube.012Geometry",
    "uvs":[],
    "metadata":{
        "uvs":0,
        "normals":25,
        "faces":66,
        "generator":"io_three",
        "version":3,
        "vertices":88,
        "type":"Geometry"
    },
    "normals":[-1,0,-0,-0,-1,-0,1,0,-0,0,1,-0,0,0,1,0,0,-1,0,0,1,1,1.1e-05,-0,0,1,-0,-1,-1e-05,0,0,-1,-0,-0,0,1,0,-0,-1,1,0,-0,-0,1,0,-1,-0,0,0,-1,-0,0,0,-1,1,1.1e-05,-0,-0,1,-0,0,-1,0,-0,1,-0,0,-0,1,0,-1,0,0,-0,1],
    "faces":[33,0,1,3,2,0,0,0,0,33,2,3,7,6,1,1,1,1,33,6,7,5,4,2,2,2,2,33,1,0,4,5,3,3,3,3,33,4,0,2,6,4,4,4,4,33,7,3,1,5,5,5,5,5,33,8,9,10,11,6,6,6,6,33,12,15,14,13,5,5,5,5,33,8,12,13,9,7,7,7,7,33,9,13,14,10,8,8,8,8,33,10,14,15,11,9,9,9,9,33,12,8,11,15,10,10,10,10,33,16,17,18,19,11,11,11,11,33,20,23,22,21,12,12,12,12,33,16,20,21,17,13,13,13,13,33,17,21,22,18,14,14,14,14,33,18,22,23,19,15,15,15,15,33,20,16,19,23,16,16,16,16,33,24,25,26,27,6,6,6,6,33,28,31,30,29,17,17,17,17,33,24,28,29,25,18,18,18,18,33,25,29,30,26,19,19,19,19,33,26,30,31,27,9,9,9,9,33,28,24,27,31,20,20,20,20,33,32,33,35,34,0,0,0,0,33,34,35,39,38,1,1,1,1,33,38,39,37,36,2,2,2,2,33,36,37,33,32,21,21,21,21,33,34,38,36,32,22,22,22,22,33,39,35,33,37,5,5,5,5,33,40,41,43,42,0,0,0,0,33,42,43,47,46,1,1,1,1,33,46,47,45,44,2,2,2,2,33,44,45,41,40,21,21,21,21,33,42,46,44,40,22,22,22,22,33,47,43,41,45,5,5,5,5,33,48,49,51,50,0,0,0,0,33,50,51,55,54,23,23,23,23,33,54,55,53,52,2,2,2,2,33,52,53,49,48,21,21,21,21,33,50,54,52,48,22,22,22,22,33,55,51,49,53,17,17,17,17,33,56,57,59,58,0,0,0,0,33,58,59,63,62,1,1,1,1,33,62,63,61,60,2,2,2,2,33,60,61,57,56,3,3,3,3,33,58,62,60,56,24,24,24,24,33,63,59,57,61,5,5,5,5,33,64,65,67,66,0,0,0,0,33,66,67,71,70,23,23,23,23,33,70,71,69,68,2,2,2,2,33,68,69,65,64,21,21,21,21,33,66,70,68,64,22,22,22,22,33,71,67,65,69,17,17,17,17,33,72,73,75,74,0,0,0,0,33,74,75,79,78,1,1,1,1,33,78,79,77,76,2,2,2,2,33,76,77,73,72,21,21,21,21,33,74,78,76,72,22,22,22,22,33,79,75,73,77,5,5,5,5,33,80,81,83,82,0,0,0,0,33,82,83,87,86,1,1,1,1,33,86,87,85,84,2,2,2,2,33,84,85,81,80,21,21,21,21,33,82,86,84,80,24,24,24,24,33,87,83,81,85,17,17,17,17],
    "vertices":[0.33,0.16,0.56,0.33,0.64,0.56,0.33,0.16,0.54,0.33,0.64,0.54,0.39,0.16,0.56,0.39,0.64,0.56,0.39,0.16,0.54,0.39,0.64,0.54,0.39,0.1,0.52,0.39,0.1,0.54,-0.39,0.1,0.54,-0.39,0.1,0.52,0.39,0.7,0.52,0.39,0.7,0.54,-0.39,0.7,0.54,-0.39,0.7,0.52,0.4,-0,-0.52,0.4,0,0.52,-0.4,0,0.52,-0.4,-0,-0.52,0.4,1.5,-0.52,0.4,1.5,0.52,-0.4,1.5,0.52,-0.4,1.5,-0.52,0.39,0.729999,0.52,0.39,0.729999,0.54,-0.39,0.729999,0.54,-0.39,0.729999,0.52,0.39,1.33,0.52,0.39,1.33,0.54,-0.39,1.33,0.54,-0.39,1.33,0.52,-0.33,1.27,0.56,-0.33,1.33,0.56,-0.33,1.27,0.54,-0.33,1.33,0.54,0.33,1.27,0.56,0.33,1.33,0.56,0.33,1.27,0.54,0.33,1.33,0.54,-0.39,0.1,0.56,-0.39,0.16,0.56,-0.39,0.1,0.54,-0.39,0.16,0.54,0.39,0.1,0.56,0.39,0.16,0.56,0.39,0.1,0.54,0.39,0.16,0.54,0.33,0.73,0.56,0.33,1.33,0.56,0.33,0.73,0.54,0.33,1.33,0.54,0.39,0.73,0.56,0.39,1.33,0.56,0.39,0.73,0.54,0.39,1.33,0.54,-0.39,0.16,0.56,-0.39,0.64,0.56,-0.39,0.16,0.54,-0.39,0.64,0.54,-0.33,0.16,0.56,-0.33,0.64,0.56,-0.33,0.16,0.54,-0.33,0.64,0.54,-0.39,0.73,0.56,-0.39,1.33,0.56,-0.39,0.73,0.54,-0.39,1.33,0.54,-0.33,0.73,0.56,-0.33,1.33,0.56,-0.33,0.73,0.54,-0.33,1.33,0.54,-0.39,0.64,0.56,-0.39,0.7,0.56,-0.39,0.64,0.54,-0.39,0.7,0.54,0.39,0.64,0.56,0.39,0.7,0.56,0.39,0.64,0.54,0.39,0.7,0.54,-0.33,0.73,0.56,-0.33,0.79,0.56,-0.33,0.73,0.54,-0.33,0.79,0.54,0.33,0.73,0.56,0.33,0.79,0.56,0.33,0.73,0.54,0.33,0.79,0.54]
}