{
    "name":"Cube.014Geometry",
    "uvs":[],
    "metadata":{
        "uvs":0,
        "normals":8,
        "faces":12,
        "generator":"io_three",
        "version":3,
        "vertices":16,
        "type":"Geometry"
    },
    "normals":[-1,0,-0,-0,-1,-0,1,0,-0,0,1,-0,0,0,1,0,0,-1,-0,1,-0,0,-0,1],
    "faces":[33,0,1,3,2,0,0,0,0,33,2,3,7,6,1,1,1,1,33,6,7,5,4,2,2,2,2,33,1,0,4,5,3,3,3,3,33,4,0,2,6,4,4,4,4,33,7,3,1,5,5,5,5,5,33,8,9,11,10,0,0,0,0,33,10,11,15,14,1,1,1,1,33,14,15,13,12,2,2,2,2,33,12,13,9,8,6,6,6,6,33,10,14,12,8,7,7,7,7,33,15,11,9,13,5,5,5,5],
    "vertices":[-0.33,0.16,0.55275,-0.33,0.64,0.55275,-0.33,0.16,0.54275,-0.33,0.64,0.54275,0.33,0.16,0.55275,0.33,0.64,0.55275,0.33,0.16,0.54275,0.33,0.64,0.54275,-0.33,0.79,0.55275,-0.33,1.27,0.55275,-0.33,0.79,0.54275,-0.33,1.27,0.54275,0.33,0.79,0.55275,0.33,1.27,0.55275,0.33,0.79,0.54275,0.33,1.27,0.54275]
}