{
    "name":"Cylinder.003Geometry",
    "uvs":[],
    "metadata":{
        "uvs":0,
        "normals":117,
        "faces":368,
        "generator":"io_three",
        "version":3,
        "vertices":256,
        "type":"Geometry"
    },
    "normals":[0.098026,0,-0.995184,0.290279,0,-0.956942,0.471389,0,-0.881925,0.634402,0,-0.773003,0.773009,0,-0.634395,0.88192,0,-0.471399,0.95694,0,-0.290285,0.995185,0,-0.098016,0.995185,0,0.098014,0.956939,0,0.290289,0.881923,0,0.471393,0.773009,0,0.634395,0.634393,0,0.773011,0.471401,0,0.881919,0.290279,0,0.956942,0.098026,0,0.995184,-0.098019,-1e-06,0.995185,-0.290285,-1e-06,0.95694,-0.471396,-1e-06,0.881921,-0.634394,-1e-06,0.77301,-0.773011,0,0.634393,-0.881921,0,0.471396,-0.95694,0,0.290285,-0.995185,0,0.098016,-0.995185,0,-0.098014,-0.956939,0,-0.290289,-0.88192,0,-0.471399,-0.773009,0,-0.634395,-0.634391,0,-0.773012,-0.471401,0,-0.881919,0,1,-0,0,1,-0,-0,1,-0,0,1,0,-0.290278,0,-0.956942,-0.098027,0,-0.995184,-0,-1,-0,0,-1,-0,0,-1,-0,0,-1,0,0,-1,0,0.098019,1e-06,-0.995185,0.290286,1e-06,-0.95694,0.6344,0,-0.773005,0.773011,0,-0.634393,0.881918,0,-0.471402,0.956941,0,-0.290282,0.95694,0,0.290286,0.881922,0,0.471396,0.773011,0,0.634393,0.634391,0,0.773012,0.098026,0,0.995184,-0.098027,0,0.995184,-0.290279,0,0.956942,-0.471401,0,0.881919,-0.634391,0,0.773012,-0.773009,0,0.634395,-0.956941,0,0.290282,-0.995185,0,0.098018,-0.995184,0,-0.098019,-0.95694,0,-0.290285,-0.881921,0,-0.471396,-0.773007,0,-0.634397,-0.634395,1e-06,-0.773009,-0.471395,1e-06,-0.881922,0,1,0,-0.290285,1e-06,-0.95694,-0.09802,1e-06,-0.995184,0.098011,0,-0.995185,0.290293,0,-0.956938,0.634392,0,-0.773012,0.773015,0,-0.634388,0.95694,0,-0.290286,0.995185,0,-0.098017,0.995185,0,0.098018,0.956941,0,0.290284,0.88192,0,0.471399,0.773015,0,0.634388,0.634392,0,0.773012,0.098026,0,0.995184,-0.098026,0,0.995184,-0.956941,0,0.290284,-0.995185,0,0.098016,-0.956941,0,-0.290284,-0.773008,0,-0.634396,-0.6344,0,-0.773005,-0.471388,0,-0.881926,-0.290293,0,-0.956938,-0.098012,0,-0.995185,0.098011,0,-0.995185,0.290279,0,-0.956942,0.471401,0,-0.881919,0.634391,0,-0.773012,0.881921,0,-0.471398,0.956941,0,-0.290284,0.995185,0,-0.098018,0.995185,0,0.098016,0.95694,0,0.290285,0.881921,0,0.471398,0.634391,0,0.773012,0.290279,0,0.956942,0.098011,0,0.995185,-0.098011,0,0.995185,-0.290293,0,0.956938,-0.471389,0,0.881925,-0.634391,0,0.773012,-0.773016,0,0.634387,-0.881921,0,0.471398,-0.956941,0,0.290283,-0.995185,0,0.098017,-0.995185,0,-0.098018,-0.95694,0,-0.290285,-0.88192,0,-0.471399,-0.773009,0,-0.634396,-0.63439,0,-0.773013,-0.290279,0,-0.956942,-0.098012,0,-0.995185],
    "faces":[33,0,1,3,2,0,0,0,0,33,2,3,5,4,1,1,1,1,33,4,5,7,6,2,2,2,2,33,6,7,9,8,3,3,3,3,33,8,9,11,10,4,4,4,4,33,10,11,13,12,5,5,5,5,33,12,13,15,14,6,6,6,6,33,14,15,17,16,7,7,7,7,33,16,17,19,18,8,8,8,8,33,18,19,21,20,9,9,9,9,33,20,21,23,22,10,10,10,10,33,22,23,25,24,11,11,11,11,33,24,25,27,26,12,12,12,12,33,26,27,29,28,13,13,13,13,33,28,29,31,30,14,14,14,14,33,30,31,33,32,15,15,15,15,33,32,33,35,34,16,16,16,16,33,34,35,37,36,17,17,17,17,33,36,37,39,38,18,18,18,18,33,38,39,41,40,19,19,19,19,33,40,41,43,42,20,20,20,20,33,42,43,45,44,21,21,21,21,33,44,45,47,46,22,22,22,22,33,46,47,49,48,23,23,23,23,33,48,49,51,50,24,24,24,24,33,50,51,53,52,25,25,25,25,33,52,53,55,54,26,26,26,26,33,54,55,57,56,27,27,27,27,33,56,57,59,58,28,28,28,28,33,58,59,61,60,29,29,29,29,32,5,3,1,30,30,30,32,1,63,61,31,31,31,32,61,59,57,31,31,31,32,57,55,53,30,30,30,32,53,51,49,31,31,31,32,49,47,45,30,30,30,32,45,43,41,31,31,31,32,41,39,37,31,31,31,32,37,35,33,30,30,30,32,33,31,29,30,30,30,32,29,27,25,31,31,31,32,25,23,21,31,31,31,32,21,19,17,31,31,31,32,17,15,13,30,30,30,32,13,11,9,30,30,30,32,9,7,5,31,31,31,32,5,1,61,32,32,32,32,61,57,53,31,31,31,32,53,49,45,33,33,33,32,45,41,37,30,30,30,32,37,33,29,31,31,31,32,29,25,21,31,31,31,32,21,17,13,31,31,31,32,13,9,5,31,31,31,32,5,61,53,31,31,31,32,53,45,37,33,33,33,32,37,29,21,31,31,31,32,21,13,5,31,31,31,32,5,53,37,33,33,33,32,37,21,5,30,30,30,33,60,61,63,62,34,34,34,34,33,1,0,62,63,35,35,35,35,32,62,0,2,36,36,36,32,2,4,6,37,37,37,32,6,8,10,37,37,37,32,10,12,14,37,37,37,32,14,16,18,38,38,38,32,18,20,22,38,38,38,32,22,24,26,38,38,38,32,26,28,30,37,37,37,32,30,32,34,38,38,38,32,34,36,38,37,37,37,32,38,40,42,38,38,38,32,42,44,46,38,38,38,32,46,48,50,39,39,39,32,50,52,54,38,38,38,32,54,56,58,38,38,38,32,58,60,62,38,38,38,32,62,2,6,38,38,38,32,6,10,14,37,37,37,32,14,18,22,38,38,38,32,22,26,30,38,38,38,32,30,34,38,38,38,38,32,38,42,46,38,38,38,32,46,50,54,40,40,40,32,54,58,62,38,38,38,32,62,6,14,38,38,38,32,14,22,30,38,38,38,32,30,38,46,38,38,38,32,46,54,62,38,38,38,32,62,14,30,37,37,37,32,30,46,62,39,39,39,33,64,65,67,66,41,41,41,41,33,66,67,69,68,42,42,42,42,33,68,69,71,70,2,2,2,2,33,70,71,73,72,43,43,43,43,33,72,73,75,74,44,44,44,44,33,74,75,77,76,45,45,45,45,33,76,77,79,78,46,46,46,46,33,78,79,81,80,7,7,7,7,33,80,81,83,82,8,8,8,8,33,82,83,85,84,47,47,47,47,33,84,85,87,86,48,48,48,48,33,86,87,89,88,49,49,49,49,33,88,89,91,90,50,50,50,50,33,90,91,93,92,13,13,13,13,33,92,93,95,94,14,14,14,14,33,94,95,97,96,51,51,51,51,33,96,97,99,98,52,52,52,52,33,98,99,101,100,53,53,53,53,33,100,101,103,102,54,54,54,54,33,102,103,105,104,55,55,55,55,33,104,105,107,106,56,56,56,56,33,106,107,109,108,21,21,21,21,33,108,109,111,110,57,57,57,57,33,110,111,113,112,58,58,58,58,33,112,113,115,114,59,59,59,59,33,114,115,117,116,60,60,60,60,33,116,117,119,118,61,61,61,61,33,118,119,121,120,62,62,62,62,33,120,121,123,122,63,63,63,63,33,122,123,125,124,64,64,64,64,32,69,67,65,30,30,30,32,65,127,125,31,31,31,32,125,123,121,31,31,31,32,121,119,117,31,31,31,32,117,115,113,30,30,30,32,113,111,109,30,30,30,32,109,107,105,31,31,31,32,105,103,101,31,31,31,32,101,99,97,31,31,31,32,97,95,93,30,30,30,32,93,91,89,31,31,31,32,89,87,85,31,31,31,32,85,83,81,31,31,31,32,81,79,77,31,31,31,32,77,75,73,31,31,31,32,73,71,69,31,31,31,32,69,65,125,32,32,32,32,125,121,117,31,31,31,32,117,113,109,33,33,33,32,109,105,101,31,31,31,32,101,97,93,31,31,31,32,93,89,85,31,31,31,32,85,81,77,30,30,30,32,77,73,69,31,31,31,32,69,125,117,31,31,31,32,117,109,101,65,65,65,32,101,93,85,31,31,31,32,85,77,69,31,31,31,32,69,117,101,65,65,65,32,101,85,69,31,31,31,33,124,125,127,126,66,66,66,66,33,126,127,65,64,67,67,67,67,32,126,64,66,36,36,36,32,66,68,70,38,38,38,32,70,72,74,38,38,38,32,74,76,78,38,38,38,32,78,80,82,38,38,38,32,82,84,86,38,38,38,32,86,88,90,38,38,38,32,90,92,94,37,37,37,32,94,96,98,38,38,38,32,98,100,102,37,37,37,32,102,104,106,38,38,38,32,106,108,110,38,38,38,32,110,112,114,39,39,39,32,114,116,118,38,38,38,32,118,120,122,38,38,38,32,122,124,126,38,38,38,32,126,66,70,38,38,38,32,70,74,78,37,37,37,32,78,82,86,38,38,38,32,86,90,94,38,38,38,32,94,98,102,38,38,38,32,102,106,110,38,38,38,32,110,114,118,39,39,39,32,118,122,126,38,38,38,32,126,70,78,38,38,38,32,78,86,94,38,38,38,32,94,102,110,38,38,38,32,110,118,126,38,38,38,32,126,78,94,37,37,37,32,94,110,126,39,39,39,33,128,129,131,130,68,68,68,68,33,130,131,133,132,69,69,69,69,33,132,133,135,134,2,2,2,2,33,134,135,137,136,70,70,70,70,33,136,137,139,138,71,71,71,71,33,138,139,141,140,5,5,5,5,33,140,141,143,142,72,72,72,72,33,142,143,145,144,73,73,73,73,33,144,145,147,146,74,74,74,74,33,146,147,149,148,75,75,75,75,33,148,149,151,150,76,76,76,76,33,150,151,153,152,77,77,77,77,33,152,153,155,154,78,78,78,78,33,154,155,157,156,13,13,13,13,33,156,157,159,158,14,14,14,14,33,158,159,161,160,79,79,79,79,33,160,161,163,162,80,80,80,80,33,162,163,165,164,53,53,53,53,33,164,165,167,166,54,54,54,54,33,166,167,169,168,55,55,55,55,33,168,169,171,170,56,56,56,56,33,170,171,173,172,21,21,21,21,33,172,173,175,174,81,81,81,81,33,174,175,177,176,82,82,82,82,33,176,177,179,178,59,59,59,59,33,178,179,181,180,83,83,83,83,33,180,181,183,182,26,26,26,26,33,182,183,185,184,84,84,84,84,33,184,185,187,186,85,85,85,85,33,186,187,189,188,86,86,86,86,32,133,131,129,31,31,31,32,129,191,189,31,31,31,32,189,187,185,31,31,31,32,185,183,181,31,31,31,32,181,179,177,31,31,31,32,177,175,173,30,30,30,32,173,171,169,31,