{
    "name":"Cube.005Geometry",
    "uvs":[],
    "metadata":{
        "uvs":0,
        "normals":30,
        "faces":36,
        "generator":"io_three",
        "version":3,
        "vertices":48,
        "type":"Geometry"
    },
    "normals":[0,-1e-06,1,0,0,-1,1,0,-0,-0,1,-0,-1,-0,0,0,-1,-0,0,0,-1,1,0,-0,-1,-0,0,-0,1e-06,-1,1,0,-0,-0,1,-0,-1,-0,0,0,-1,-0,0,-0,1,0,1e-06,-1,1,0,-0,-0,1,1e-06,-1,-0,1e-06,0,-1,-2e-06,1,0,0,-0,1,-0,-1,-0,0,0,-1,-0,-0,0.087156,0.996195,0,-0.087155,-0.996195,1,2e-06,-0,-0,0.996195,-0.087156,-1,-1e-06,0,0,-0.996195,0.087156],
    "faces":[33,0,1,2,3,0,0,0,0,33,4,7,6,5,1,1,1,1,33,0,4,5,1,2,2,2,2,33,1,5,6,2,3,3,3,3,33,2,6,7,3,4,4,4,4,33,4,0,3,7,5,5,5,5,33,8,9,10,11,0,0,0,0,33,12,15,14,13,6,6,6,6,33,8,12,13,9,7,7,7,7,33,9,13,14,10,3,3,3,3,33,10,14,15,11,8,8,8,8,33,12,8,11,15,5,5,5,5,33,16,17,18,19,0,0,0,0,33,20,23,22,21,9,9,9,9,33,16,20,21,17,10,10,10,10,33,17,21,22,18,11,11,11,11,33,18,22,23,19,12,12,12,12,33,20,16,19,23,13,13,13,13,33,24,25,26,27,14,14,14,14,33,28,31,30,29,15,15,15,15,33,24,28,29,25,16,16,16,16,33,25,29,30,26,17,17,17,17,33,26,30,31,27,18,18,18,18,33,28,24,27,31,19,19,19,19,33,32,33,34,35,0,0,0,0,33,36,39,38,37,9,9,9,9,33,32,36,37,33,20,20,20,20,33,33,37,38,34,21,21,21,21,33,34,38,39,35,22,22,22,22,33,36,32,35,39,23,23,23,23,33,40,41,42,43,24,24,24,24,33,44,47,46,45,25,25,25,25,33,40,44,45,41,26,26,26,26,33,41,45,46,42,27,27,27,27,33,42,46,47,43,28,28,28,28,33,44,40,43,47,29,29,29,29],
    "vertices":[-0.42,-0,0.42,-0.42,-0,0.58,-0.58,-0,0.58,-0.58,-0,0.42,-0.42,1,0.42,-0.42,1,0.58,-0.58,1,0.58,-0.58,1,0.42,0.58,-0,0.42,0.58,-0,0.58,0.42,-0,0.58,0.42,-0,0.42,0.58,1,0.42,0.58,1,0.58,0.42,1,0.58,0.42,1,0.42,0.58,0,-0.58,0.58,0,-0.42,0.42,0,-0.42,0.42,0,-0.58,0.58,1,-0.58,0.58,1,-0.42,0.42,1,-0.42,0.42,1,-0.58,0.6,1,-0.6,0.6,0.999999,0.6,-0.6,0.999999,0.6,-0.6,1,-0.6,0.6,1.14,-0.6,0.6,1.14,0.6,-0.6,1.14,0.6,-0.6,1.14,-0.6,-0.42,0,-0.58,-0.42,0,-0.42,-0.58,0,-0.42,-0.58,0,-0.58,-0.42,1,-0.58,-0.42,1,-0.42,-0.58,1,-0.42,-0.58,1,-0.58,0.53,1.13493,-0.596118,0.53,1.14888,-0.436727,-0.53,1.14888,-0.436727,-0.53,1.13493,-0.596118,0.53,2.13112,-0.683273,0.53,2.14507,-0.523882,-0.53,2.14507,-0.523882,-0.53,2.13112,-0.683273]
}