{
    "name":"Cylinder.002Geometry",
    "normals":[0.098017,-0.995185,-0,0.290285,-0.95694,-0,0.471397,-0.881921,-0,0.634393,-0.773011,-0,0.77301,-0.634393,-0,0.881921,-0.471397,-0,0.95694,-0.290285,-0,0.995185,-0.098017,0,0.995185,0.098017,-0,0.95694,0.290285,-0,0.881921,0.471396,-0,0.77301,0.634393,-0,0.634393,0.77301,-0,0.471397,0.881921,-0,0.290284,0.95694,-0,0.098017,0.995185,-0,-0.098018,0.995185,-0,-0.290285,0.95694,-0,-0.471397,0.881921,-0,-0.634394,0.77301,-0,-0.773011,0.634393,-0,-0.881922,0.471396,-0,-0.956941,0.290283,-0,-0.995185,0.098016,-0,-0.995185,-0.098018,-0,-0.95694,-0.290286,-0,-0.881921,-0.471398,-0,-0.77301,-0.634394,-0,-0.634392,-0.773011,-0,-0.471395,-0.881922,-0,0,0,-1,0,0,-1,-0,-0,-1,-0,-0,-1,-0,-0,-1,0,-0,-1,-0,-0,-1,0,-0,-1,0,-0,-1,0,-0,-1,-0,0,-1,0,-0,-1,-0,-0,-1,0,-0,-1,0,-0,-1,-0,-0,-1,0,-0,-1,0,-0,-1,-0,-0,-1,0,-0,-1,-0,-0,-1,-0.290283,-0.956941,-0,-0.098017,-0.995185,-0,-0,0,1,0,-0,1,0,-0,1,0,0,1,0,0,1,-0,0,1,-0,-0,1,-0,-0,1,0,0,1,0,-0,1,0,-0,1,0,0,1,-0,0,1,-0,0,1,-0,-0,1,-0,-0,1,-0,0,1,-0,0,1,-0,0,1,-0,0,1,-0,0,1,-0,0,1,-0,0,1,-0,0,1,0,0,1,0,0,1,0,0,1,0,0,1,-0,0,1,-0,0,1],
    "vertices":[0,-0,-0.4,0,0.1,-0.4,0.078036,-0,-0.392314,0.078036,0.1,-0.392314,0.153073,-0,-0.369552,0.153073,0.1,-0.369552,0.222228,-0,-0.332588,0.222228,0.1,-0.332588,0.282843,0,-0.282843,0.282843,0.1,-0.282843,0.332588,0,-0.222228,0.332588,0.1,-0.222228,0.369552,0,-0.153073,0.369552,0.1,-0.153073,0.392314,0,-0.078036,0.392314,0.1,-0.078036,0.4,0,-0,0.4,0.1,-0,0.392314,0,0.078036,0.392314,0.1,0.078036,0.369552,0,0.153073,0.369552,0.1,0.153073,0.332588,0,0.222228,0.332588,0.1,0.222228,0.282843,0,0.282843,0.282843,0.1,0.282843,0.222228,0,0.332588,0.222228,0.1,0.332588,0.153073,0,0.369552,0.153073,0.1,0.369552,0.078036,0,0.392314,0.078036,0.1,0.392314,-0,0,0.4,-0,0.1,0.4,-0.078036,0,0.392314,-0.078036,0.1,0.392314,-0.153074,0,0.369552,-0.153074,0.1,0.369552,-0.222228,0,0.332588,-0.222228,0.1,0.332588,-0.282843,0,0.282843,-0.282843,0.1,0.282843,-0.332588,0,0.222228,-0.332588,0.1,0.222228,-0.369552,0,0.153073,-0.369552,0.1,0.153073,-0.392314,0,0.078036,-0.392314,0.1,0.078036,-0.4,0,-0,-0.4,0.1,-0,-0.392314,0,-0.078037,-0.392314,0.1,-0.078037,-0.369552,0,-0.153074,-0.369552,0.1,-0.153074,-0.332588,0,-0.222229,-0.332588,0.1,-0.222229,-0.282842,0,-0.282843,-0.282842,0.1,-0.282843,-0.222228,-0,-0.332588,-0.222228,0.1,-0.332588,-0.153073,-0,-0.369552,-0.153073,0.1,-0.369552,-0.078036,-0,-0.392314,-0.078036,0.1,-0.392314],
    "metadata":{
        "normals":83,
        "version":3,
        "generator":"io_three",
        "type":"Geometry",
        "uvs":0,
        "faces":92,
        "vertices":64
    },
    "uvs":[],
    "faces":[33,0,1,3,2,0,0,0,0,33,2,3,5,4,1,1,1,1,33,4,5,7,6,2,2,2,2,33,6,7,9,8,3,3,3,3,33,8,9,11,10,4,4,4,4,33,10,11,13,12,5,5,5,5,33,12,13,15,14,6,6,6,6,33,14,15,17,16,7,7,7,7,33,16,17,19,18,8,8,8,8,33,18,19,21,20,9,9,9,9,33,20,21,23,22,10,10,10,10,33,22,23,25,24,11,11,11,11,33,24,25,27,26,12,12,12,12,33,26,27,29,28,13,13,13,13,33,28,29,31,30,14,14,14,14,33,30,31,33,32,15,15,15,15,33,32,33,35,34,16,16,16,16,33,34,35,37,36,17,17,17,17,33,36,37,39,38,18,18,18,18,33,38,39,41,40,19,19,19,19,33,40,41,43,42,20,20,20,20,33,42,43,45,44,21,21,21,21,33,44,45,47,46,22,22,22,22,33,46,47,49,48,23,23,23,23,33,48,49,51,50,24,24,24,24,33,50,51,53,52,25,25,25,25,33,52,53,55,54,26,26,26,26,33,54,55,57,56,27,27,27,27,33,56,57,59,58,28,28,28,28,33,58,59,61,60,29,29,29,29,32,5,3,1,30,30,30,32,1,63,61,31,31,31,32,61,59,57,32,32,32,32,57,55,53,33,33,33,32,53,51,49,31,31,31,32,49,47,45,34,34,34,32,45,43,41,31,31,31,32,41,39,37,31,31,31,32,37,35,33,35,35,35,32,33,31,29,36,36,36,32,29,27,25,31,31,31,32,25,23,21,31,31,31,32,21,19,17,37,37,37,32,17,15,13,31,31,31,32,13,11,9,38,38,38,32,9,7,5,39,39,39,32,5,1,61,40,40,40,32,61,57,53,41,41,41,32,53,49,45,42,42,42,32,45,41,37,31,31,31,32,37,33,29,43,43,43,32,29,25,21,31,31,31,32,21,17,13,44,44,44,32,13,9,5,45,45,45,32,5,61,53,46,46,46,32,53,45,37,47,47,47,32,37,29,21,31,31,31,32,21,13,5,48,48,48,32,5,53,37,49,49,49,32,37,21,5,50,50,50,33,60,61,63,62,51,51,51,51,33,1,0,62,63,52,52,52,52,32,62,0,2,53,53,53,32,2,4,6,54,54,54,32,6,8,10,55,55,55,32,10,12,14,56,56,56,32,14,16,18,57,57,57,32,18,20,22,58,58,58,32,22,24,26,59,59,59,32,26,28,30,60,60,60,32,30,32,34,61,61,61,32,34,36,38,62,62,62,32,38,40,42,63,63,63,32,42,44,46,64,64,64,32,46,48,50,65,65,65,32,50,52,54,66,66,66,32,54,56,58,67,67,67,32,58,60,62,68,68,68,32,62,2,6,69,69,69,32,6,10,14,70,70,70,32,14,18,22,71,71,71,32,22,26,30,72,72,72,32,30,34,38,73,73,73,32,38,42,46,74,74,74,32,46,50,54,75,75,75,32,54,58,62,76,76,76,32,62,6,14,77,77,77,32,14,22,30,78,78,78,32,30,38,46,79,79,79,32,46,54,62,80,80,80,32,62,14,30,81,81,81,32,30,46,62,82,82,82]
}