{
    "name":"Cylinder.001Geometry",
    "uvs":[],
    "metadata":{
        "uvs":0,
        "normals":124,
        "faces":368,
        "generator":"io_three",
        "version":3,
        "vertices":256,
        "type":"Geometry"
    },
    "normals":[-0,-0.995184,0.09802,-0,-0.95694,0.290285,-0,-0.881921,0.471396,-0,-0.773011,0.634393,-0,-0.634393,0.77301,-0,-0.471397,0.881921,-0,-0.290286,0.95694,-0,-0.098017,0.995185,-0,0.098017,0.995185,-0,0.290286,0.95694,-0,0.471397,0.881921,-0,0.634394,0.77301,-0,0.773008,0.634396,-0,0.881924,0.471392,-0,0.95694,0.290284,-0,0.995185,0.098014,0,0.995185,-0.098014,0,0.95694,-0.290285,0,0.881924,-0.471391,0,0.773008,-0.634396,0,0.634393,-0.773011,0,0.471397,-0.881921,0,0.290281,-0.956941,0,0.098016,-0.995185,0,-0.098018,-0.995185,0,-0.290287,-0.95694,0,-0.471398,-0.881921,0,-0.634394,-0.773009,0,-0.773011,-0.634392,0,-0.881922,-0.471396,1,0,-0,1,0,-0,1,0,0,1,-0,-0,1,-0,-0,0,-0.95694,-0.290284,0,-0.995185,-0.098015,-1,0,-0,-1,0,-0,-1,-0,-0,-1,0,0,0.098017,0,-0.995185,0.290286,0,-0.95694,0.471397,0,-0.881921,0.634393,0,-0.77301,0.773011,0,-0.634393,0.881921,0,-0.471396,0.95694,0,-0.290285,0.995184,0,-0.09802,0.995185,0,0.098014,0.95694,0,0.290285,0.881919,0,0.471401,0.773011,0,0.634393,0.634394,0,0.77301,0.471397,0,0.881921,0.290284,0,0.956941,0.098017,0,0.995185,-0.098017,0,0.995185,-0.290286,0,0.95694,-0.471397,0,0.881921,-0.634394,0,0.77301,-0.773008,0,0.634396,-0.881924,0,0.471391,-0.95694,0,0.290285,-0.995185,0,0.098014,-0.995185,0,-0.098014,-0.95694,0,-0.290285,-0.881919,0,-0.471401,-0.773013,0,-0.63439,-0.634393,0,-0.773011,-0.471396,0,-0.881922,0,1,-0,0,1,-0,-0,1,-0,0,1,0,-0.290281,0,-0.956942,-0.098017,0,-0.995185,-0,-1,-0,0,-1,-0,0,-1,-0,0,-1,0,0,-1,0,-0,-0.995185,0.098014,-0,-0.95694,0.290285,-0,-0.881924,0.471392,-0,-0.773008,0.634396,-0,-0.098017,0.995185,-0,0.098017,0.995185,-0,0.773011,0.634393,-0,0.881919,0.471401,-0,0.95694,0.290284,-0,0.995185,0.098014,0,0.995184,-0.09802,0,0.95694,-0.290285,0,0.881922,-0.471396,0,0.773011,-0.634393,0,0.290283,-0.956941,0,0.098017,-0.995185,0,-0.098018,-0.995185,0,-0.290283,-0.956941,0,-0.773014,-0.634389,0,-0.881919,-0.471401,0,-0.956944,-0.290273,0,-0.995185,-0.098015,0.098016,0,-0.995185,0.634387,0,-0.773015,0.77302,0,-0.634382,0.881919,0,-0.471401,0.995184,0,-0.098026,0.995184,0,0.098026,0.77302,0,0.634382,0.634388,0,0.773015,0.290285,0,0.95694,0.098016,0,0.995185,-0.098019,0,0.995185,-0.471392,0,0.881924,-0.773014,0,0.634389,-0.881919,0,0.471401,-0.956944,0,0.290273,-0.995184,0,0.098026,-0.995184,0,-0.098026,-0.881924,0,-0.471392,-0.634387,0,-0.773015,-0.098018,0,-0.995185],
    "faces":[33,0,1,3,2,0,0,0,0,33,2,3,5,4,1,1,1,1,33,4,5,7,6,2,2,2,2,33,6,7,9,8,3,3,3,3,33,8,9,11,10,4,4,4,4,33,10,11,13,12,5,5,5,5,33,12,13,15,14,6,6,6,6,33,14,15,17,16,7,7,7,7,33,16,17,19,18,8,8,8,8,33,18,19,21,20,9,9,9,9,33,20,21,23,22,10,10,10,10,33,22,23,25,24,11,11,11,11,33,24,25,27,26,12,12,12,12,33,26,27,29,28,13,13,13,13,33,28,29,31,30,14,14,14,14,33,30,31,33,32,15,15,15,15,33,32,33,35,34,16,16,16,16,33,34,35,37,36,17,17,17,17,33,36,37,39,38,18,18,18,18,33,38,39,41,40,19,19,19,19,33,40,41,43,42,20,20,20,20,33,42,43,45,44,21,21,21,21,33,44,45,47,46,22,22,22,22,33,46,47,49,48,23,23,23,23,33,48,49,51,50,24,24,24,24,33,50,51,53,52,25,25,25,25,33,52,53,55,54,26,26,26,26,33,54,55,57,56,27,27,27,27,33,56,57,59,58,28,28,28,28,33,58,59,61,60,29,29,29,29,32,5,3,1,30,30,30,32,1,63,61,31,31,31,32,61,59,57,30,30,30,32,57,55,53,30,30,30,32,53,51,49,30,30,30,32,49,47,45,31,31,31,32,45,43,41,30,30,30,32,41,39,37,30,30,30,32,37,35,33,30,30,30,32,33,31,29,30,30,30,32,29,27,25,30,30,30,32,25,23,21,30,30,30,32,21,19,17,30,30,30,32,17,15,13,30,30,30,32,13,11,9,30,30,30,32,9,7,5,31,31,31,32,5,1,61,30,30,30,32,61,57,53,30,30,30,32,53,49,45,30,30,30,32,45,41,37,30,30,30,32,37,33,29,32,32,32,32,29,25,21,30,30,30,32,21,17,13,33,33,33,32,13,9,5,30,30,30,32,5,61,53,31,31,31,32,53,45,37,30,30,30,32,37,29,21,30,30,30,32,21,13,5,30,30,30,32,5,53,37,30,30,30,32,37,21,5,34,34,34,33,60,61,63,62,35,35,35,35,33,1,0,62,63,36,36,36,36,32,62,0,2,37,37,37,32,2,4,6,37,37,37,32,6,8,10,38,38,38,32,10,12,14,37,37,37,32,14,16,18,39,39,39,32,18,20,22,37,37,37,32,22,24,26,37,37,37,32,26,28,30,37,37,37,32,30,32,34,40,40,40,32,34,36,38,37,37,37,32,38,40,42,37,37,37,32,42,44,46,37,37,37,32,46,48,50,37,37,37,32,50,52,54,38,38,38,32,54,56,58,37,37,37,32,58,60,62,38,38,38,32,62,2,6,37,37,37,32,6,10,14,37,37,37,32,14,18,22,39,39,39,32,22,26,30,37,37,37,32,30,34,38,37,37,37,32,38,42,46,37,37,37,32,46,50,54,37,37,37,32,54,58,62,37,37,37,32,62,6,14,37,37,37,32,14,22,30,37,37,37,32,30,38,46,37,37,37,32,46,54,62,38,38,38,32,62,14,30,39,39,39,32,30,46,62,37,37,37,33,64,65,67,66,41,41,41,41,33,66,67,69,68,42,42,42,42,33,68,69,71,70,43,43,43,43,33,70,71,73,72,44,44,44,44,33,72,73,75,74,45,45,45,45,33,74,75,77,76,46,46,46,46,33,76,77,79,78,47,47,47,47,33,78,79,81,80,48,48,48,48,33,80,81,83,82,49,49,49,49,33,82,83,85,84,50,50,50,50,33,84,85,87,86,51,51,51,51,33,86,87,89,88,52,52,52,52,33,88,89,91,90,53,53,53,53,33,90,91,93,92,54,54,54,54,33,92,93,95,94,55,55,55,55,33,94,95,97,96,56,56,56,56,33,96,97,99,98,57,57,57,57,33,98,99,101,100,58,58,58,58,33,100,101,103,102,59,59,59,59,33,102,103,105,104,60,60,60,60,33,104,105,107,106,61,61,61,61,33,106,107,109,108,62,62,62,62,33,108,109,111,110,63,63,63,63,33,110,111,113,112,64,64,64,64,33,112,113,115,114,65,65,65,65,33,114,115,117,116,66,66,66,66,33,116,117,119,118,67,67,67,67,33,118,119,121,120,68,68,68,68,33,120,121,123,122,69,69,69,69,33,122,123,125,124,70,70,70,70,32,69,67,65,71,71,71,32,65,127,125,71,71,71,32,125,123,121,71,71,71,32,121,119,117,71,71,71,32,117,115,113,72,72,72,32,113,111,109,71,71,71,32,109,107,105,71,71,71,32,105,103,101,71,71,71,32,101,99,97,71,71,71,32,97,95,93,71,71,71,32,93,91,89,71,71,71,32,89,87,85,71,71,71,32,85,83,81,71,71,71,32,81,79,77,71,71,71,32,77,75,73,71,71,71,32,73,71,69,71,71,71,32,69,65,125,73,73,73,32,125,121,117,71,71,71,32,117,113,109,74,74,74,32,109,105,101,71,71,71,32,101,97,93,72,72,72,32,93,89,85,71,71,71,32,85,81,77,71,71,71,32,77,73,69,71,71,71,32,69,125,117,73,73,73,32,117,109,101,74,74,74,32,101,93,85,71,71,71,32,85,77,69,71,71,71,32,69,117,101,74,74,74,32,101,85,69,71,71,71,33,124,125,127,126,75,75,75,75,33,126,127,65,64,76,76,76,76,32,126,64,66,77,77,77,32,66,68,70,78,78,78,32,70,72,74,79,79,79,32,74,76,78,78,78,78,32,78,80,82,78,78,78,32,82,84,86,78,78,78,32,86,88,90,78,78,78,32,90,92,94,78,78,78,32,94,96,98,78,78,78,32,98,100,102,79,79,79,32,102,104,106,78,78,78,32,106,108,110,78,78,78,32,110,112,114,80,80,80,32,114,116,118,78,78,78,32,118,120,122,78,78,78,32,122,124,126,79,79,79,32,126,66,70,78,78,78,32,70,74,78,78,78,78,32,78,82,86,78,78,78,32,86,90,94,78,78,78,32,94,98,102,78,78,78,32,102,106,110,78,78,78,32,110,114,118,81,81,81,32,118,122,126,78,78,78,32,126,70,78,78,78,78,32,78,86,94,78,78,78,32,94,102,110,78,78,78,32,110,118,126,78,78,78,32,126,78,94,78,78,78,32,94,110,126,80,80,80,33,128,129,131,130,82,82,82,82,33,130,131,133,132,83,83,83,83,33,132,133,135,134,84,84,84,84,33,134,135,137,136,85,85,85,85,33,136,137,139,138,4,4,4,4,33,138,139,141,140,5,5,5,5,33,140,141,143,142,6,6,6,6,33,142,143,145,144,86,86,86,86,33,144,145,147,146,87,87,87,87,33,146,147,149,148,9,9,9,9,33,148,149,151,150,10,10,10,10,33,150,151,153,152,11,11,11,11,33,152,153,155,154,88,88,88,88,33,154,155,157,156,89,89,89,89,33,156,157,159,158,90,90,90,90,33,158,159,161,160,91,91,91,91,33,160,161,163,162,92,92,92,92,33,162,163,165,164,93,93,93,93,33,164,165,167,166,94,94,94,94,33,166,167,169,168,95,95,95,95,33,168,169,171,170,20,20,20,20,33,170,171,173,172,21,21,21,21,33,172,173,175,174,96,96,96,96,33,174,175,177,176,97,97,97,97,33,176,177,179,178,98,98,98,98,33,178,179,181,180,99,99,99,99,33,180,181,183,182,26,26,26,26,33,182,183,185,184,27,27,27,27,33,184,185,187,186,100,100,100,100,33,186,187,189,188,101,101,101,101,32,133,131,129,30,30,30,32,129,191,189,30,30,30,32,189,187,185,30,30,30,32,185,183,181,30,30,30,32,181,179,177,30,30,30,32,177,175,173,30,