{
    "name":"Cube.004Geometry",
    "uvs":[],
    "vertices":[0.24,-0,-0.1,0.24,-0,0.1,0.04,-0,0.1,0.04,-0,-0.1,0.24,0.8,-0.1,0.24,0.8,0.1,0.04,0.8,0.1,0.04,0.8,-0.1,0.3,0.799999,-0.3,0.3,0.799999,0.3,-0.2,0.799999,0.3,-0.2,0.799999,-0.3,0.3,0.82,-0.3,0.3,0.819999,0.3,-0.2,0.819999,0.3,-0.2,0.82,-0.3,0.3,0.82,0.26,0.3,0.82,0.3,-0.2,0.82,0.3,-0.2,0.82,0.26,0.3,0.92,0.26,0.3,0.92,0.3,-0.2,0.92,0.3,-0.2,0.92,0.26,0.3,0.82,-0.26,0.3,0.82,0.26,0.18,0.82,0.26,0.18,0.82,-0.26,0.3,0.92,-0.26,0.3,0.92,0.26,0.18,0.92,0.26,0.18,0.92,-0.26,0.3,0.82,-0.3,0.3,0.82,-0.26,-0.2,0.82,-0.26,-0.2,0.82,-0.3,0.3,0.92,-0.3,0.3,0.92,-0.26,-0.2,0.92,-0.26,-0.2,0.92,-0.3,-0.16,0.82,-0.26,-0.16,0.82,0.26,-0.2,0.82,0.26,-0.2,0.82,-0.26,-0.16,0.92,-0.26,-0.16,0.92,0.26,-0.2,0.92,0.26,-0.2,0.92,-0.26],
    "faces":[33,0,1,2,3,0,0,0,0,33,4,7,6,5,1,1,1,1,33,0,4,5,1,2,2,2,2,33,1,5,6,2,3,3,3,3,33,2,6,7,3,4,4,4,4,33,4,0,3,7,5,5,5,5,33,8,9,10,11,6,6,6,6,33,12,15,14,13,7,7,7,7,33,8,12,13,9,8,8,8,8,33,9,13,14,10,9,9,9,9,33,10,14,15,11,10,10,10,10,33,12,8,11,15,11,11,11,11,33,16,17,18,19,0,0,0,0,33,20,23,22,21,12,12,12,12,33,16,20,21,17,13,13,13,13,33,17,21,22,18,14,14,14,14,33,18,22,23,19,15,15,15,15,33,20,16,19,23,16,16,16,16,33,24,25,26,27,17,17,17,17,33,28,31,30,29,18,18,18,18,33,24,28,29,25,19,19,19,19,33,25,29,30,26,20,20,20,20,33,26,30,31,27,21,21,21,21,33,28,24,27,31,22,22,22,22,33,32,33,34,35,0,0,0,0,33,36,39,38,37,12,12,12,12,33,32,36,37,33,23,23,23,23,33,33,37,38,34,14,14,14,14,33,34,38,39,35,24,24,24,24,33,36,32,35,39,16,16,16,16,33,40,41,42,43,25,25,25,25,33,44,47,46,45,26,26,26,26,33,40,44,45,41,27,27,27,27,33,41,45,46,42,28,28,28,28,33,42,46,47,43,29,29,29,29,33,44,40,43,47,30,30,30,30],
    "normals":[0,0,1,-0,0,-1,1,0,0,-0,1,-0,-1,-0,0,0,-1,0,0,-0,1,-0,0,-1,1,0,-1e-06,-0,1,3e-06,-1,-0,3e-06,0,-1,-6e-06,0,0,-1,1,4e-06,-0,-0,1,-0,-1,-3e-06,1e-06,0,-1,-0,0,-0,1,-0,0,-1,1,0,-0,-1e-06,1,1e-06,-1,-0,0,1e-06,-1,-1e-06,1,4e-06,-0,-1,-3e-06,1e-06,0,-0,1,-0,0,-1,1,0,0,-3e-06,1,1e-06,-1,-0,0,3e-06,-1,-1e-06],
    "metadata":{
        "uvs":0,
        "generator":"io_three",
        "vertices":48,
        "faces":36,
        "normals":31,
        "version":3,
        "type":"Geometry"
    }
}