{
    "name":"CubeGeometry",
    "uvs":[],
    "metadata":{
        "uvs":0,
        "normals":112,
        "faces":144,
        "generator":"io_three",
        "version":3,
        "vertices":154,
        "type":"Geometry"
    },
    "normals":[-0,0,1,-0,0.397849,0.917451,-0.428937,0.416992,0.801331,-0.407377,0,0.91326,0,-0,-1,-0.407377,0,-0.91326,-0.428938,0.416992,-0.80133,-0,0.397849,-0.917451,0.992005,0,0.126201,0.992004,1e-06,-0.126208,0.970026,0.192658,-0.148094,0.970027,0.192659,0.148087,-0,0.968707,0.248205,-0,0.968707,-0.248206,-0.365998,0.889519,-0.273499,-0.365999,0.889519,0.273499,-0.97035,-0,0.241706,-0.970351,-0,-0.241702,-0.871768,-0.414874,-0.260575,-0.871768,-0.414874,0.260577,0,-0.978779,-0.20492,0,-0.978779,0.204917,-0.310006,-0.92208,0.231656,-0.310007,-0.922079,-0.231658,0.538106,-0.817473,-0.205377,0.538105,-0.817474,0.205377,0,-0.97878,0.204916,0,-0.978778,-0.204921,0.610105,0.757331,0.232855,0.610103,0.757333,-0.232855,-0,0.968708,-0.248203,-0,0.968706,0.24821,0.657803,1e-06,-0.75319,-0,0,-1,-0,0.397849,-0.917451,0.680889,0.338079,-0.649687,0.657808,0,0.753186,0.680892,0.338081,0.649682,-0,0.397849,0.917451,-0,0,1,0,-0.978778,-0.204921,0,-0.97878,0.204916,0,-0.97878,0.204916,0,-0.978779,-0.20492,-0,0.968706,0.24821,-0,0.968708,-0.248205,-0,0.968707,-0.248206,-0,0.968707,0.248207,-0,0.397849,-0.917451,-0,0.397849,-0.917451,-0,0,1,-0,0.397849,0.917451,0,0.397849,0.917451,-0,0,1,0,-0.468785,0.883312,0,-0,1,0,0,1,0,-0.468785,0.883312,0,-0.468785,-0.883312,0,-0.468785,-0.883312,0,-0,-1,0,-0,-1,0.66231,-0.402464,0.631956,0.657806,0,0.753187,0,-0.468786,0.883312,0.662312,-0.402465,-0.631953,0,-0.468785,-0.883312,0,-0,-1,0.657808,1e-06,-0.753185,-0.970349,-0,0.241706,-0.97035,-0,-0.241702,-0.970351,-0,-0.241702,-0.97035,-0,0.241706,0.961189,-0.23363,0.146743,0.961188,-0.233633,-0.146739,0.992004,0,-0.126203,0.992004,0,0.12621,0,-0.468784,-0.883313,-0.411499,-0.489582,-0.768751,-0.407378,-0,-0.913259,0,-0,-1,0,-0.468786,0.883312,-0.407377,-0,0.91326,-0.411499,-0.489582,0.768751,-0.897824,0.349128,0.268367,-0.897826,0.349127,-0.268365,-0.97035,0,-0.241703,-0.97035,-0,0.241706,-0,0,1,0,0,-1,0,0,-1,0.657807,0,0.753187,0.657808,0,0.753186,0.657807,0,-0.753187,0.657804,0,-0.753189,0.992004,0,0.126208,0.992004,1e-06,-0.126205,0.992004,1e-06,-0.126207,0.992004,0,0.126204,-0.407378,-0,-0.913259,-0.407378,-0,-0.91326,-0.407377,-0,0.91326,-0.407376,-0,0.91326,1,1e-06,-0,-0,1,-0,-1,-0,0,0,-1,0,0,0,1,-0,1,-0,-1,0,-0,0,-1,0,1,0,0],
    "faces":[33,0,89,121,81,0,0,0,0,33,0,81,103,33,1,1,1,1,33,0,33,92,78,2,2,2,2,33,0,78,118,89,3,3,3,3,33,1,56,117,88,4,4,4,4,33,1,88,119,79,5,5,5,5,33,1,79,96,40,6,6,6,6,33,1,40,105,56,7,7,7,7,33,2,30,114,87,8,8,8,8,33,2,87,115,38,9,9,9,9,33,2,38,95,34,10,10,10,10,33,2,34,91,30,11,11,11,11,33,3,33,103,55,12,12,12,12,33,3,55,105,40,13,13,13,13,33,3,40,96,36,14,14,14,14,33,3,36,92,33,15,15,15,15,33,4,35,107,70,16,16,16,16,33,4,70,109,41,17,17,17,17,33,4,41,97,37,18,18,18,18,33,4,37,93,35,19,19,19,19,33,5,39,104,54,20,20,20,20,33,5,54,102,31,21,21,21,21,33,5,31,93,37,22,22,22,22,33,5,37,97,39,23,23,23,23,33,6,44,94,32,24,24,24,24,33,6,32,90,42,25,25,25,25,33,6,42,98,46,26,26,26,26,33,6,46,100,44,27,27,27,27,33,7,43,91,34,28,28,28,28,33,7,34,95,45,29,29,29,29,33,7,45,101,47,30,30,30,30,33,7,47,99,43,31,31,31,31,33,8,38,115,86,32,32,32,32,33,8,86,116,48,33,33,33,33,33,8,48,101,45,34,34,34,34,33,8,45,95,38,35,35,35,35,33,9,85,114,30,36,36,36,36,33,9,30,91,43,37,37,37,37,33,9,43,99,80,38,38,38,38,33,9,80,120,85,39,39,39,39,33,10,52,100,46,40,40,40,40,33,10,46,98,50,41,41,41,41,33,10,50,102,54,42,42,42,42,33,10,54,104,52,43,43,43,43,33,11,51,99,47,44,44,44,44,33,11,47,101,53,45,45,45,45,33,11,53,105,55,46,46,46,46,33,11,55,103,51,47,47,47,47,33,12,48,116,84,4,4,4,4,33,12,84,117,56,33,33,33,33,33,12,56,105,53,48,48,48,48,33,12,53,101,48,49,49,49,49,33,13,83,120,80,50,50,50,50,33,13,80,99,51,51,51,51,51,33,13,51,103,81,52,52,52,52,33,13,81,121,83,53,53,53,53,33,14,50,98,49,54,54,54,54,33,14,49,111,66,55,55,55,55,33,14,66,113,57,56,56,56,56,33,14,57,102,50,57,57,57,57,33,15,62,100,52,58,58,58,58,33,15,52,104,64,59,59,59,59,33,15,64,112,67,60,60,60,60,33,15,67,110,62,61,61,61,61,33,16,42,90,58,62,62,62,62,33,16,58,106,68,63,63,63,63,33,16,68,111,49,56,56,56,56,33,16,49,98,42,64,64,64,64,33,17,60,94,44,65,65,65,65,33,17,44,100,62,66,66,66,66,33,17,62,110,69,67,67,67,67,33,17,69,108,60,68,68,68,68,33,18,59,118,82,69,69,69,69,33,18,82,119,61,70,70,70,70,33,18,61,109,70,71,71,71,71,33,18,70,107,59,72,72,72,72,33,19,58,90,32,73,73,73,73,33,19,32,94,60,74,74,74,74,33,19,60,108,71,75,75,75,75,33,19,71,106,58,76,76,76,76,33,20,64,104,39,77,77,77,77,33,20,39,97,41,78,78,78,78,33,20,41,109,72,79,79,79,79,33,20,72,112,64,80,80,80,80,33,21,31,102,57,81,81,81,81,33,21,57,113,73,55,55,55,55,33,21,73,107,35,82,82,82,82,33,21,35,93,31,83,83,83,83,33,22,78,92,36,84,84,84,84,33,22,36,96,79,85,85,85,85,33,22,79,119,82,86,86,86,86,33,22,82,118,78,87,87,87,87,33,23,66,111,63,88,88,88,88,33,23,63,120,83,55,55,55,55,33,23,83,121,65,56,56,56,56,33,23,65,113,66,56,56,56,56,33,24,76,110,67,4,4,4,4,33,24,67,112,77,33,33,33,33,33,24,77,117,84,89,89,89,89,33,24,84,116,76,90,90,90,90,33,25,68,106,74,91,91,91,91,33,25,74,114,85,92,92,92,92,33,25,85,120,63,56,56,56,56,33,25,63,111,68,56,56,56,56,33,26,75,108,69,93,93,93,93,33,26,69,110,76,33,33,33,33,33,26,76,116,86,90,90,90,90,33,26,86,115,75,94,94,94,94,33,27,74,106,71,95,95,95,95,33,27,71,108,75,96,96,96,96,33,27,75,115,87,97,97,97,97,33,27,87,114,74,98,98,98,98,33,28,77,112,72,4,4,4,4,33,28,72,109,61,99,99,99,99,33,28,61,119,88,100,100,100,100,33,28,88,117,77,90,90,90,90,33,29,73,113,65,88,88,88,88,33,29,65,121,89,55,55,55,55,33,29,89,118,59,101,101,101,101,33,29,59,107,73,102,102,102,102,33,122,123,124,125,56,56,56,56,33,126,129,128,127,90,90,90,90,33,122,126,127,123,103,103,103,103,33,123,127,128,124,104,104,104,104,33,124,128,129,125,105,105,105,105,33,126,122,125,129,106,106,106,106,33,130,131,132,133,107,107,107,107,33,134,137,136,135,90,90,90,90,33,130,134,135,131,103,103,103,103,33,131,135,136,132,108,108,108,108,33,132,136,137,133,109,109,109,109,33,134,130,133,137,110,110,110,110,33,138,139,140,141,56,56,56,56,33,142,145,144,143,90,90,90,90,33,138,142,143,139,111,111,111,111,33,139,143,144,140,108,108,108,108,33,140,144,145,141,105,105,105,105,33,142,138,141,145,106,106,106,106,33,146,147,148,149,56,56,56,56,33,150,153,152,151,90,90,90,90,33,146,150,151,147,103,103,103,103,33,147,151,152,148,104,104,104,104,33,148,152,153,149,105,105,105,105,33,150,146,149,153,106,106,106,106],