{
    "name":"Cube.007Geometry",
    "uvs":[],
    "metadata":{
        "uvs":0,
        "normals":66,
        "faces":104,
        "generator":"io_three",
        "version":3,
        "vertices":89,
        "type":"Geometry"
    },
    "normals":[-1,0,-0,0,-1,0,1,0,-0,-0,1,-0,0,0,1,-0,0,-1,0.035216,-0.893872,-0.446936,0.107035,-0.882126,-0.45869,0.183063,-0.856219,-0.483091,0.266078,-0.810542,-0.521752,0.358075,-0.734664,-0.576239,0.457616,-0.611504,-0.645485,0.553424,-0.419698,-0.719427,0.617433,-0.152029,-0.771792,0.617433,0.152029,-0.771792,0.553424,0.419698,-0.719427,0.457616,0.611503,-0.645485,0.358075,0.734664,-0.576239,0.266078,0.810542,-0.521752,0.183064,0.856219,-0.483091,0.107035,0.882126,-0.45869,0.035215,0.893872,-0.446936,-0.035216,0.893872,-0.446936,-0.107036,0.882126,-0.45869,-0.183064,0.856219,-0.483091,-0.266078,0.810542,-0.521752,-0.358076,0.734662,-0.57624,-0.457617,0.611503,-0.645485,-0.553425,0.419695,-0.719428,-0.617433,0.152029,-0.771792,-0.617433,-0.152029,-0.771792,-0.553423,-0.419699,-0.719427,-0.457616,-0.611505,-0.645484,-0.358074,-0.734664,-0.576239,-0.266077,-0.810542,-0.521751,-0.183063,-0.856219,-0.483091,-0.107035,-0.882126,-0.45869,-0.035215,-0.893872,-0.446936,-0,0,1,3e-06,-1.4e-05,1,0,0,1,0,-0,1,3e-06,1.4e-05,1,0,0,1,-0,4e-06,1,1e-06,3e-06,1,0,-1e-06,1,0,0,1,0,-0,1,0,-1,0,-0,1,-0,0,0,1,-0,0,-1,0,-1,0,-0,1,-0,0,0,1,-0,0,-1,0,-1,0,-0,1,-0,0,0,1,-0,0,-1,-0,1,-0,0,0,1,0,0,-1,0,-1,0,0,1,-0],
    "faces":[33,0,1,3,2,0,0,0,0,33,2,3,7,6,1,1,1,1,33,6,7,5,4,2,2,2,2,33,1,0,4,5,3,3,3,3,33,4,0,2,6,4,4,4,4,33,7,3,1,5,5,5,5,5,32,8,17,9,6,6,6,32,9,17,10,7,7,7,32,10,17,11,8,8,8,32,11,17,12,9,9,9,32,12,17,13,10,10,10,32,13,17,14,11,11,11,32,14,17,15,12,12,12,32,15,17,16,13,13,13,32,16,17,18,14,14,14,32,18,17,19,15,15,15,32,19,17,20,16,16,16,32,20,17,21,17,17,17,32,21,17,22,18,18,18,32,22,17,23,19,19,19,32,23,17,24,20,20,20,32,24,17,25,21,21,21,32,25,17,26,22,22,22,32,26,17,27,23,23,23,32,27,17,28,24,24,24,32,28,17,29,25,25,25,32,29,17,30,26,26,26,32,30,17,31,27,27,27,32,31,17,32,28,28,28,32,32,17,33,29,29,29,32,33,17,34,30,30,30,32,34,17,35,31,31,31,32,35,17,36,32,32,32,32,36,17,37,33,33,33,32,37,17,38,34,34,34,32,38,17,39,35,35,35,32,39,17,40,36,36,36,32,40,17,8,37,37,37,32,40,8,9,38,38,38,32,9,10,11,39,39,39,32,11,12,13,40,40,40,32,13,14,15,40,40,40,32,15,16,18,41,41,41,32,18,19,20,40,40,40,32,20,21,22,40,40,40,32,22,23,24,42,42,42,32,24,25,26,40,40,40,32,26,27,28,40,40,40,32,28,29,30,40,40,40,32,30,31,32,40,40,40,32,32,33,34,40,40,40,32,34,35,36,43,43,43,32,36,37,38,40,40,40,32,38,39,40,40,40,40,32,40,9,11,44,44,44,32,11,13,15,40,40,40,32,15,18,20,40,40,40,32,20,22,24,45,45,45,32,24,26,28,40,40,40,32,28,30,32,40,40,40,32,32,34,36,40,40,40,32,36,38,40,40,40,40,32,40,11,15,46,46,46,32,15,20,24,47,47,47,32,24,28,32,40,40,40,32,32,36,40,40,40,40,32,40,15,24,48,48,48,32,24,32,40,40,40,40,33,41,42,44,43,0,0,0,0,33,43,44,48,47,49,49,49,49,33,47,48,46,45,2,2,2,2,33,45,46,42,41,50,50,50,50,33,43,47,45,41,51,51,51,51,33,48,44,42,46,52,52,52,52,33,49,50,52,51,0,0,0,0,33,51,52,56,55,53,53,53,53,33,55,56,54,53,2,2,2,2,33,53,54,50,49,54,54,54,54,33,51,55,53,49,55,55,55,55,33,56,52,50,54,56,56,56,56,33,57,58,60,59,0,0,0,0,33,59,60,64,63,57,57,57,57,33,63,64,62,61,2,2,2,2,33,61,62,58,57,58,58,58,58,33,59,63,61,57,59,59,59,59,33,64,60,58,62,60,60,60,60,33,65,66,68,67,0,0,0,0,33,67,68,72,71,57,57,57,57,33,71,72,70,69,2,2,2,2,33,69,70,66,65,61,61,61,61,33,67,71,69,65,62,62,62,62,33,72,68,66,70,63,63,63,63,33,73,74,76,75,0,0,0,0,33,75,76,80,79,64,64,64,64,33,79,80,78,77,2,2,2,2,33,77,78,74,73,65,65,65,65,33,75,79,77,73,41,41,41,41,33,80,76,74,78,63,63,63,63,33,81,82,84,83,0,0,0,0,33,83,84,88,87,64,64,64,64,33,87,88,86,85,2,2,2,2,33,85,86,82,81,65,65,65,65,33,83,87,85,81,41,41,41,41,33,88,84,82,86,63,63,63,63],
    "vertices":[-0.8,0.31,0.09,-0.8,1.31,0.09,-0.8,0.31,0.03,-0.8,1.31,0.03,0.8,0.31,0.09,0.8,1.31,0.09,0.8,0.31,0.03,0.8,1.31,0.03,-0,0,-0.1,0.048773,0,-0.098079,0.095671,0,-0.092388,0.138893,0,-0.083147,0.176777,0,-0.070711,0.207868,0,-0.055557,0.23097,0,-0.038268,0.245197,0,-0.019509,0.25,0,-0,-0,0.2,-0,0.245197,0,0.019509,0.23097,0,0.038268,0.207868,0,0.055557,0.176777,0,0.070711,0.138893,0,0.083147,0.095671,0,0.092388,0.048772,0,0.098079,-0,0,0.1,-0.048773,0,0.098079,-0.095671,0,0.092388,-0.138893,0,0.083147,-0.176777,0,0.070711,-0.207868,0,0.055557,-0.23097,0,0.038268,-0.245197,0,0.019509,-0.25,0,-0,-0.245197,0,-0.019509,-0.23097,0,-0.038268,-0.207868,0,-0.055557,-0.176777,0,-0.070711,-0.138892,0,-0.083147,-0.095671,0,-0.092388,-0.048772,0,-0.098079,-1,0.15,0.03,-1,1.45,0.03,-1,0.15,-0.03,-1,1.45,-0.03,1,0.15,0.03,1,1.45,0.03,1,0.15,-0.03,1,1.45,-0.03,-0.6,0.46,0.15,-0.6,1.16,0.15,-0.6,0.46,0.09,-0.6,1.16,0.09,0.6,0.46,0.15,0.6,1.16,0.15,0.6,0.46,0.09,0.6,1.16,0.09,-1,0.15,-0.03,-1,0.25,-0.03,-1,0.15,-0.05,-1,0.25,-0.05,1,0.15,-0.03,1,0.25,-0.03,1,0.15,-0.05,1,0.25,-0.05,-1,1.35,-0.03,-1,1.45,-0.03,-1,1.35,-0.05,-1,1.45,-0.05,1,1.35,-0.03,1,1.45,-0.03,1,1.35,-0.05,1,1.45,-0.05,0.9,0.25,-0.03,0.9,1.35,-0.03,0.9,0.25,-0.05,0.9,1.35,-0.05,1,0.25,-0.03,1,1.35,-0.03,1,0.25,-0.05,1,1.35,-0.05,-1,0.25,-0.03,-1,1.35,-0.03,-1,0.25,-0.05,-1,1.35,-0.05,-0.9,0.25,-0.03,-0.9,1.35,-0.03,-0.9,0.25,-0.05,-0.9,1.35,-0.05]
}